{"politics": 0.018556843395553073, "wallstreetbets": 0.10927777777777777, "relationship_advice": 0.08379031385281388, "amitheasshole": 0.14654738562091502, "mentalhealth": 0.0591893253968254, "COVID19": -0.004309523809523802, "personalfinance": 0.1627301587301587, "aww": 0.06340624999999998, "gardening": 0.10673232323232322, "travel": 0.33008979301948055}