{"politics": 0.09071910145410148, "wallstreetbets": 0.1265079365079365, "relationship_advice": 0.11303702200577201, "amitheasshole": 0.07596717955957086, "mentalhealth": 0.06663933982683982, "COVID19": 0.06958170995670995, "personalfinance": 0.187191545557617, "aww": 0.42468749999999994, "gardening": 0.11610260770975056, "travel": 0.16947902097902096}