{"politics": 0.12135876623376622, "wallstreetbets": 0.03091666666666666, "relationship_advice": 0.016934176934176936, "amitheasshole": 0.07124782792964611, "mentalhealth": 0.0591893253968254, "COVID19": -0.004309523809523802, "personalfinance": 0.3468307169373125, "aww": 0.18602272727272728, "gardening": 0.056458333333333346, "travel": 0.1695734126984127}